TE0,TE1,TL0,TL1,TimeSyncsReceived,EmotiBitStartTime, EmotiBitEndTime, DataParserVersion
728195.000000,820341.000000,1760381423.309307,1760381515.454718,25,705234,834822,1.12.2