TE0,TE1,TL0,TL1,TimeSyncsReceived,EmotiBitStartTime, EmotiBitEndTime, DataParserVersion
478428.000000,555175.000000,1760384612.613957,1760384689.363881,25,459147,587481,1.12.2