TE0,TE1,TL0,TL1,TimeSyncsReceived,EmotiBitStartTime, EmotiBitEndTime, DataParserVersion
482571.000000,559327.000000,1760380467.698878,1760380544.450240,24,462859,587421,1.12.2