TE0,TE1,TL0,TL1,TimeSyncsReceived,EmotiBitStartTime, EmotiBitEndTime, DataParserVersion
1097184.000000,1184210.000000,1760385231.370695,1760385318.393692,24,1.07838e+06,1.20404e+06,1.12.2