TE0,TE1,TL0,TL1,TimeSyncsReceived,EmotiBitStartTime, EmotiBitEndTime, DataParserVersion
693181.000000,775019.000000,1760384827.367737,1760384909.203126,25,667353,795234,1.12.2