TE0,TE1,TL0,TL1,TimeSyncsReceived,EmotiBitStartTime, EmotiBitEndTime, DataParserVersion
238052.000000,319932.000000,1760384372.240410,1760384454.118936,25,225130,353652,1.12.2