TE0,TE1,TL0,TL1,TimeSyncsReceived,EmotiBitStartTime, EmotiBitEndTime, DataParserVersion
74351.000000,197131.000000,1760384208.538565,1760384331.318211,26,68781,197480,1.12.2