TE0,TE1,TL0,TL1,TimeSyncsReceived,EmotiBitStartTime, EmotiBitEndTime, DataParserVersion
462221.000000,574779.000000,1760381157.334382,1760381269.893266,24,452992,582314,1.12.2