TE0,TE1,TL0,TL1,TimeSyncsReceived,EmotiBitStartTime, EmotiBitEndTime, DataParserVersion
94126.000000,196434.000000,1760380789.242172,1760380891.548054,25,73605,200726,1.12.2