TE0,TE1,TL0,TL1,TimeSyncsReceived,EmotiBitStartTime, EmotiBitEndTime, DataParserVersion
211435.000000,334358.000000,1760380196.561523,1760380319.485882,27,201180,338099,1.12.2